Model Name,Q1 Time,Q2 Time,Q3 Time,Q4 Time,Q5 Time,Q6 Time,Q7 Time,Q8 Time,Q9 Time,Q10 Time
llama3.2:1b,41.853431701660156,8.052411556243896,5.025550842285156,2.556774139404297,7.553121089935303,7.290355920791626,6.706170320510864,5.985260963439941,12.950382471084595,12.08555555343628
deepseek-r1:1.5b,31.347148180007935,27.34119200706482,25.81860065460205,39.51741933822632,28.195713996887207,20.58151650428772,31.503555059432983,1376.673674583435,126.03682065010071,31.8634135723114
Model Name,Q1 Correct,Q2 Correct,Q3 Correct,Q4 Correct,Q5 Correct,Q6 Correct,Q7 Correct,Q8 Correct,Q9 Correct,Q10 Correct
llama3.2:1b,Y,N,N,Y,Y,Y,N,Y,Y,N
deepseek-r1:1.5b,Y,Y,Y,Y,Y,Y,N,Y,N,N
